CUSTOMER_ID,SEGMENT
17448,Others
15369,Others
14213,Others
17603,Others
12503,Others
15823,Others
13154,Others
15802,Others
16252,Others
12666,Others
17307,Others
17548,Others
15728,Others
17065,Others
13958,Others
13829,Others
16546,"At Risk"
15638,Others
13672,Others
18256,Others
14437,Others
18141,Others
13693,Others
16262,Others
16579,Others
15590,Others
16061,Others
17820,Others
14627,Others
14119,Others
14777,"New Customers"
12870,Others
17547,Others
16454,Others
16138,Others
12605,Others
12505,Others
12943,Others
16428,Others
14679,Others
16995,Others
18072,"At Risk"
13256,Others
12346,Others
18268,Others
14792,Others
16878,Others
13762,Others
13364,Others
18274,Others
12558,Others
12454,"Loyal Customers"
14557,"Loyal Customers"
12607,"Loyal Customers"
16742,Others
16446,"New Customers"
16738,Others
17956,Others
17763,Others
13307,Others
17900,Others
16093,Others
17986,Others
16953,Others
17102,Others
15657,Others
13120,Others
15940,Others
17408,Others
16765,Others
15744,Others
14576,Others
17831,Others
16856,Others
17816,Others
16162,Others
12855,Others
18019,Others
16659,Others
12977,Others
14589,Others
15178,Others
13832,Others
15992,"New Customers"
14300,Others
15423,Others
14080,Others
16257,Others
15603,Others
14821,Others
18184,Others
13011,Others
14351,Others
17844,Others
15313,Others
14682,Others
14865,"New Customers"
15504,Others
16349,Others
14760,Others
13366,Others
15899,Others
17775,Others
13080,Others
14957,Others
13106,Others
13682,Others
13391,Others
17174,Others
13194,Others
12665,Others
15729,Others
15516,Others
13218,Others
14840,Others
17263,Others
13302,Others
13130,Others
13684,"At Risk"
17747,Others
17382,Others
14393,Others
15863,Others
18037,Others
16581,Others
17022,Others
13185,Others
13938,Others
13686,Others
17906,Others
16171,Others
18032,Others
12506,Others
17960,Others
13095,Others
18050,Others
16468,Others
13403,Others
16610,Others
17628,Others
17995,Others
18113,Others
14090,Others
16148,Others
15668,Others
17536,Others
14373,Others
13992,Others
13132,Others
14785,"New Customers"
17942,"New Customers"
16078,Others
15753,Others
13747,Others
14109,Others
17752,Others
13967,Others
16789,"New Customers"
18281,Others
17620,Others
13006,Others
16424,Others
17309,Others
12401,Others
13666,Others
13841,Others
15541,Others
16498,Others
13296,Others
15180,Others
18084,Others
15083,Others
15212,Others
12353,Others
14436,Others
12686,Others
14219,"New Customers"
14117,Others
16597,"New Customers"
15552,Others
16506,Others
13947,Others
14353,Others
15488,Others
12659,Others
13551,Others
13160,Others
12789,Others
14054,Others
12821,Others
17991,Others
13283,Others
18227,Others
15428,Others
15397,Others
13651,Others
16073,Others
16387,Others
12548,Others
18249,Others
17024,Others
14642,Others
15216,Others
17325,Others
12984,Others
18277,Others
15422,Others
18033,"Loyal Customers"
17895,Others
17538,Others
15256,Others
17746,Others
17939,Others
13703,Others
15973,Others
14371,Others
17427,Others
14946,Others
16344,Others
13235,"At Risk"
13101,Others
18086,Others
16006,Others
17643,Others
16516,Others
18068,Others
16462,Others
13948,Others
14981,Others
14836,"New Customers"
18011,Others
17962,"At Risk"
14542,Others
18255,Others
18174,"New Customers"
15958,Others
15607,Others
14027,Others
15775,Others
12929,Others
17791,Others
15070,Others
15168,Others
16757,Others
15395,Others
16784,Others
14661,Others
12956,Others
13226,Others
16106,Others
17639,Others
14345,Others
14699,Others
16363,Others
13133,Others
16339,Others
17836,Others
17901,Others
16792,Others
12734,Others
14641,Others
16963,Others
17349,Others
13519,Others
15853,"Loyal Customers"
15537,Others
13144,Others
13508,Others
18120,Others
17887,Others
17957,"Loyal Customers"
17274,Others
12756,Others
17893,Others
14271,Others
17038,Others
15610,Others
18129,Others
13807,Others
16697,Others
13161,Others
14689,Others
15280,Others
16913,Others
18105,Others
17217,Others
15445,Others
14457,Others
12651,Others
12504,Others
15221,Others
14582,Others
12938,Others
14652,Others
17219,Others
17852,Others
14974,Others
16247,Others
14632,Others
13188,"New Customers"
14972,Others
18027,Others
13067,Others
15350,Others
14143,Others
17601,Others
13170,"Loyal Customers"
17117,Others
13877,Others
16959,Others
15836,Others
17654,Others
13193,Others
13581,Others
14155,Others
17079,Others
15843,Others
16666,"Loyal Customers"
15266,Others
16542,Others
14453,Others
14259,Others
14314,Others
18015,"Loyal Customers"
17446,Others
13002,Others
16611,Others
15512,Others
15049,Others
13182,Others
13244,Others
18018,Others
14076,"At Risk"
14165,Others
13638,Others
13876,Others
14413,Others
17967,"At Risk"
15917,Others
16658,Others
14495,Others
16569,"New Customers"
16849,Others
17578,Others
17148,Others
12531,Others
15017,Others
14890,Others
14861,Others
13522,Others
12814,Others
16988,"New Customers"
15463,Others
16414,Others
13279,Others
14962,Others
15923,Others
15578,Others
15135,Others
13781,Others
17359,Others
15543,Others
16828,Others
14483,Others
16623,Others
16679,Others
15844,Others
12565,Others
14795,Others
17455,Others
17297,"Loyal Customers"
14438,Others
17785,Others
17647,Others
15709,Others
17881,Others
12445,Others
14349,"Loyal Customers"
13217,Others
14280,Others
12837,Others
14586,Others
14174,Others
15562,Others
14340,Others
16055,Others
12851,"At Risk"
15276,"Loyal Customers"
16665,Others
15174,Others
16114,Others
15419,Others
14889,Others
15042,Others
12968,Others
17972,"At Risk"
14247,Others
15691,Others
17468,"New Customers"
17709,Others
16050,Others
12512,"Loyal Customers"
15663,Others
13716,Others
17122,Others
14581,Others
12902,Others
18269,Others
13273,Others
18209,Others
14772,Others
16483,Others
17718,Others
14768,Others
14073,Others
14494,Others
13483,Others
13420,Others
15388,Others
16598,Others
15888,Others
14041,Others
13561,Others
13584,Others
14386,Others
16287,Others
13299,Others
15705,Others
13462,Others
12587,"New Customers"
17186,Others
12974,Others
16852,"New Customers"
17524,Others
15937,Others
13866,Others
17935,Others
16893,"At Risk"
14238,Others
17030,Others
15503,"At Risk"
12864,Others
14037,Others
14098,Others
14968,"Loyal Customers"
17859,Others
15526,Others
17549,Others
13003,Others
15435,Others
15748,Others
18262,Others
17946,Others
15869,Others
17234,Others
15717,Others
16337,Others
14287,"New Customers"
13697,Others
16461,"At Risk"
16861,Others
14208,Others
16412,"Loyal Customers"
16617,Others
17898,Others
14039,Others
13514,Others
17707,Others
14066,Others
18138,Others
17984,"At Risk"
16248,Others
17714,Others
12602,Others
16351,Others
17286,"Loyal Customers"
17517,Others
15226,Others
14295,Others
17026,Others
15740,Others
17698,Others
14046,Others
14368,Others
13809,Others
15447,Others
16720,Others
12738,Others
17832,"Loyal Customers"
14813,"At Risk"
17899,"At Risk"
17871,Others
13898,Others
15263,Others
15438,Others
14406,Others
15007,Others
17118,Others
14585,Others
17128,Others
14148,Others
14799,Others
17556,Others
15988,Others
15348,Others
15160,Others
17165,Others
13937,Others
18224,Others
16213,Others
12966,"New Customers"
14714,Others
18146,Others
18203,Others
12573,Others
17344,"Loyal Customers"
15852,Others
13229,Others
14089,Others
14237,Others
14204,"Loyal Customers"
16403,Others
14362,"Loyal Customers"
16113,"At Risk"
15458,Others
17600,Others
16932,"Loyal Customers"
15325,"At Risk"
15733,Others
16517,Others
15167,"At Risk"
16406,"Loyal Customers"
13223,Others
17110,Others
14354,"New Customers"
18200,"At Risk"
12920,Others
13603,Others
17535,Others
15904,"Loyal Customers"
15316,Others
13470,Others
18042,Others
14552,"At Risk"
14485,"Loyal Customers"
12817,Others
17650,Others
18014,"Loyal Customers"
14326,Others
16405,Others
13598,"Loyal Customers"
15920,"At Risk"
16952,Others
17561,"Loyal Customers"
18088,"Loyal Customers"
15374,Others
12551,Others
15986,Others
17737,"New Customers"
16282,Others
18099,Others
17367,"At Risk"
14860,"New Customers"
14578,Others
12367,"New Customers"
18004,"At Risk"
14218,Others
13962,Others
16921,"Loyal Customers"
15016,Others
18058,"New Customers"
17542,Others
15432,Others
17245,Others
16773,Others
14536,Others
12442,"New Customers"
13690,Others
13922,Others
18048,Others
14693,Others
15670,Others
15565,Others
12441,Others
16565,Others
14798,Others
18278,Others
15335,"Loyal Customers"
13560,"Loyal Customers"
14518,Others
14355,Others
13826,Others
18010,Others
16144,Others
17331,Others
17582,Others
12509,Others
16080,Others
18282,"New Customers"
17947,Others
12923,Others
17440,Others
13072,Others
12618,Others
13618,Others
17356,Others
17253,Others
13271,"Loyal Customers"
13008,Others
17879,Others
13778,Others
17904,"Loyal Customers"
15262,Others
16620,"New Customers"
15139,Others
16990,Others
14705,Others
15454,Others
15895,Others
18147,Others
12586,Others
12622,Others
15041,"At Risk"
13710,Others
18280,Others
16835,Others
15292,Others
15945,Others
16594,"At Risk"
15886,Others
18119,"At Risk"
14087,"Loyal Customers"
14082,Others
17772,"Loyal Customers"
15746,Others
13059,Others
13460,Others
14059,Others
16680,Others
15124,Others
16433,Others
17680,Others
13482,Others
16097,Others
14199,Others
17010,Others
17574,Others
12641,Others
15567,Others
14551,Others
17693,Others
16124,Others
18013,"At Risk"
16900,"Loyal Customers"
17279,Others
14722,Others
17781,Others
12893,"Loyal Customers"
14697,Others
16448,Others
18045,"Loyal Customers"
13663,Others
17166,Others
12361,Others
17885,"Loyal Customers"
13972,Others
14501,Others
15412,Others
13033,Others
17233,Others
15692,Others
17988,"Loyal Customers"
14966,"Loyal Customers"
15909,Others
12791,Others
12522,Others
13568,"At Risk"
14801,"Loyal Customers"
14806,Others
17608,"Loyal Customers"
16847,Others
17343,Others
15198,Others
15683,Others
12797,Others
17475,Others
16887,"Loyal Customers"
14100,Others
15612,Others
14666,Others
13792,Others
16112,Others
17660,"At Risk"
13284,Others
13978,Others
13436,"New Customers"
15234,Others
14304,Others
14830,"Loyal Customers"
16829,Others
17301,"Loyal Customers"
14789,Others
14185,Others
12581,Others
12450,Others
16178,Others
13295,Others
17987,Others
16832,Others
17383,"Loyal Customers"
13322,Others
15593,Others
13723,Others
14782,Others
13980,Others
15437,"At Risk"
13262,Others
12995,Others
13859,Others
16965,Others
15347,Others
14385,Others
18169,Others
14381,"Loyal Customers"
15723,"At Risk"
17376,Others
17891,"At Risk"
17889,Others
17394,Others
17187,Others
18273,"New Customers"
13017,"New Customers"
17206,Others
16619,Others
15319,Others
13513,Others
15758,Others
15307,Others
17843,"At Risk"
17670,Others
13065,Others
18110,"Loyal Customers"
14964,Others
18126,"Loyal Customers"
15820,Others
15925,Others
13099,Others
16752,Others
17923,Others
16323,Others
16866,Others
12547,Others
18191,Others
16457,Others
16914,"Loyal Customers"
16690,Others
17514,"At Risk"
15327,Others
17855,Others
13828,Others
13532,"Loyal Customers"
16356,"At Risk"
16415,"Loyal Customers"
15703,Others
16017,"Loyal Customers"
15724,Others
17928,Others
16302,Others
18193,Others
16897,"At Risk"
14984,"Loyal Customers"
15540,Others
16591,Others
13411,Others
14241,Others
17153,Others
13621,Others
14601,"New Customers"
16647,Others
14793,Others
16846,Others
16411,"Loyal Customers"
16338,Others
12588,Others
12831,Others
16519,Others
16190,Others
16189,Others
14476,Others
17580,"At Risk"
15052,"At Risk"
16179,Others
13858,Others
14104,Others
17436,"New Customers"
15604,Others
12897,Others
15460,"At Risk"
13503,Others
13739,Others
15554,Others
16634,Others
14570,Others
12574,Others
13428,"Loyal Customers"
17619,"At Risk"
13669,Others
14205,"Loyal Customers"
12702,Others
16895,"Loyal Customers"
15096,Others
13600,Others
13079,"New Customers"
18114,Others
16482,Others
18030,"New Customers"
15790,"Loyal Customers"
13419,Others
16392,"At Risk"
14960,Others
14598,"Loyal Customers"
15897,Others
13382,Others
17534,Others
15637,Others
18101,"Loyal Customers"
13926,Others
14929,Others
16753,"Loyal Customers"
16471,Others
15175,Others
17171,Others
16587,Others
14052,"Loyal Customers"
12402,Others
14357,"Loyal Customers"
14624,Others
12672,Others
17789,Others
16777,"At Risk"
16315,Others
17572,Others
17212,Others
14569,"New Customers"
16527,Others
17969,Others
13070,Others
13712,Others
13146,Others
17347,Others
15528,Others
13474,"At Risk"
12812,Others
14311,Others
13960,Others
16926,Others
13786,Others
16445,"Loyal Customers"
15866,"At Risk"
16321,Others
16641,Others
15393,Others
15257,Others
16117,"At Risk"
16971,"Loyal Customers"
18213,Others
13678,Others
14995,"Loyal Customers"
16583,Others
13348,Others
15483,"At Risk"
12736,Others
16961,Others
17060,Others
14473,Others
15462,Others
15598,Others
13187,"At Risk"
16026,"Loyal Customers"
12732,Others
18024,Others
15457,"At Risk"
17877,Others
12718,Others
15850,"Loyal Customers"
12561,Others
18270,Others
16756,Others
17684,Others
13570,Others
15690,Others
17181,Others
17256,Others
13565,"Loyal Customers"
15154,"At Risk"
15286,Others
16427,Others
14523,Others
15776,Others
16330,"Loyal Customers"
16215,Others
14647,"At Risk"
17908,"At Risk"
17339,Others
15634,Others
13886,Others
16048,Others
16793,Others
13103,Others
17925,Others
17892,Others
16528,Others
16601,"Loyal Customers"
15118,Others
12660,"New Customers"
17771,"Loyal Customers"
16778,Others
12908,Others
17278,Others
15783,Others
17051,"At Risk"
14658,"Loyal Customers"
13349,Others
15107,Others
13592,Others
15097,Others
16510,Others
18212,"At Risk"
13061,Others
17111,"Loyal Customers"
18005,"Loyal Customers"
17190,Others
17456,Others
15510,Others
17303,"At Risk"
16596,Others
13207,Others
14764,Others
13512,Others
16024,"Loyal Customers"
16976,Others
17155,Others
16836,Others
13711,Others
13645,Others
18009,"At Risk"
15346,Others
13404,"New Customers"
15035,Others
17860,"At Risk"
15759,Others
12829,Others
15689,Others
14765,"Loyal Customers"
12604,Others
13121,"At Risk"
15261,Others
16226,Others
14881,Others
15277,Others
14761,Others
17896,Others
13806,Others
12430,Others
13626,Others
14375,"At Risk"
13227,Others
13277,Others
14350,Others
14915,Others
15577,"At Risk"
16447,"At Risk"
13127,Others
17125,"Loyal Customers"
16217,Others
14149,"At Risk"
15143,Others
15014,"Loyal Customers"
14053,Others
13189,Others
17385,"Loyal Customers"
16413,"Loyal Customers"
17194,Others
16936,"Loyal Customers"
12492,Others
15894,"At Risk"
13369,Others
14452,"Loyal Customers"
15912,Others
18108,Others
13973,Others
14423,Others
17430,Others
14068,Others
17636,Others
15019,"At Risk"
12962,Others
15119,Others
14863,Others
16451,Others
15517,Others
17708,"At Risk"
15320,"Loyal Customers"
17550,"At Risk"
15408,"At Risk"
14727,Others
15609,Others
17094,Others
13242,Others
14520,"New Customers"
13533,"At Risk"
15774,Others
16648,Others
17011,Others
17496,Others
17767,Others
13837,Others
13058,Others
14816,Others
13917,Others
14819,Others
17498,Others
13085,Others
17254,"Loyal Customers"
16727,"At Risk"
16313,Others
18190,Others
12703,Others
14512,Others
16297,Others
16810,Others
12750,Others
14508,"Loyal Customers"
13272,Others
16883,"At Risk"
15355,Others
13803,Others
17968,"At Risk"
15279,Others
14908,Others
14850,Others
17786,"At Risk"
14480,"New Customers"
15556,"Loyal Customers"
14975,Others
16149,Others
13606,"Loyal Customers"
14242,Others
16292,Others
16848,Others
17403,"Loyal Customers"
16557,Others
17247,"Loyal Customers"
13177,Others
13754,Others
17694,Others
17251,"At Risk"
17783,"At Risk"
13439,"At Risk"
16429,Others
17080,Others
14660,"At Risk"
16555,Others
13760,"Loyal Customers"
16998,Others
16432,Others
17760,Others
17977,Others
15396,Others
16808,Others
17501,Others
14549,"At Risk"
16125,Others
14162,Others
14953,"Loyal Customers"
14339,Others
17464,Others
14784,Others
17081,"Loyal Customers"
16526,Others
17691,Others
14947,Others
13479,Others
14656,"At Risk"
13544,"Loyal Customers"
13745,Others
13449,Others
13502,Others
13259,"Loyal Customers"
16956,Others
16721,"At Risk"
15545,"Loyal Customers"
17163,Others
17531,Others
15732,Others
17506,Others
14747,Others
13573,Others
16781,Others
17912,"At Risk"
13504,Others
13751,Others
13441,Others
18059,Others
14985,"At Risk"
13708,"At Risk"
15857,Others
18053,Others
18220,Others
13466,Others
12881,Others
17678,Others
17824,Others
17255,"Loyal Customers"
17124,"At Risk"
18215,Others
13863,Others
16402,"At Risk"
12852,Others
15254,Others
13304,Others
14762,Others
16479,"Loyal Customers"
16430,Others
17978,Others
15623,Others
15148,Others
15667,Others
16715,Others
15054,"Loyal Customers"
15308,Others
16104,Others
18165,Others
14248,Others
16425,Others
15060,"Loyal Customers"
17433,"At Risk"
16689,Others
13083,Others
13343,Others
16400,Others
17732,Others
18185,Others
15163,Others
17941,Others
13667,"At Risk"
12623,Others
13045,Others
16181,Others
16796,Others
12785,Others
15219,Others
17176,Others
15659,Others
13718,Others
17157,Others
17334,Others
16668,Others
17551,"At Risk"
15087,Others
13142,Others
13932,Others
17120,Others
13060,Others
13395,Others
13529,Others
16123,Others
14206,Others
16227,Others
17510,Others
13699,Others
15010,Others
13787,"At Risk"
12884,Others
17604,"At Risk"
14847,Others
15699,Others
15661,Others
15101,"New Customers"
14924,Others
15224,Others
15185,Others
17266,"Loyal Customers"
13897,Others
17854,Others
13990,Others
14327,Others
14951,Others
15326,Others
14142,Others
16450,Others
17070,"At Risk"
17362,"At Risk"
12834,Others
16739,Others
15318,"Loyal Customers"
13845,Others
17172,Others
15880,"At Risk"
14729,"At Risk"
16582,Others
12888,Others
13484,Others
15970,Others
14902,Others
12650,Others
16193,Others
17237,Others
16473,Others
16091,Others
15766,Others
12614,Others
15597,Others
14479,Others
13494,Others
17458,"Loyal Customers"
15204,Others
16761,Others
15243,Others
15385,Others
16386,"Loyal Customers"
17267,"At Risk"
18066,Others
15363,Others
12648,Others
14703,Others
17248,"At Risk"
17229,"At Risk"
16967,Others
16499,Others
14264,Others
16674,"Loyal Customers"
16716,Others
13091,Others
13986,Others
14622,Others
16096,Others
12365,Others
18117,"Loyal Customers"
13497,Others
15236,Others
14823,"At Risk"
14484,Others
14424,Others
16342,Others
16627,Others
13955,"At Risk"
17793,"Loyal Customers"
18276,Others
15675,Others
14555,Others
16685,"Loyal Customers"
18261,Others
13801,Others
12790,Others
15213,Others
15944,Others
17866,Others
16830,Others
12844,"Loyal Customers"
16071,Others
14987,Others
17715,Others
16322,"Loyal Customers"
14870,Others
16366,Others
14024,Others
15314,Others
16318,Others
16855,Others
14012,Others
15153,Others
17154,Others
13239,Others
17615,Others
14716,"Loyal Customers"
12953,Others
16593,Others
15130,Others
14517,Others
13706,Others
15714,"Loyal Customers"
17862,Others
16478,Others
12891,Others
15210,Others
16030,Others
16177,Others
16803,Others
16850,Others
13904,Others
16625,Others
13727,Others
15781,Others
13216,Others
15918,"At Risk"
12350,Others
15466,"At Risk"
14988,"At Risk"
12489,Others
17221,"Loyal Customers"
16063,Others
14196,Others
15921,Others
18078,Others
14954,"Loyal Customers"
17384,Others
15619,"New Customers"
17914,"Loyal Customers"
16105,Others
17973,Others
13930,Others
15942,Others
17736,Others
15652,Others
16183,Others
17839,"Loyal Customers"
17697,Others
16545,Others
17045,Others
13737,"At Risk"
15115,Others
12519,Others
14491,Others
17917,"Loyal Customers"
13347,Others
16826,Others
16851,Others
17201,"Loyal Customers"
18250,Others
14320,"At Risk"
12875,Others
18081,Others
15520,Others
15047,Others
15120,Others
13068,"New Customers"
17569,Others
16978,"At Risk"
14633,Others
13774,Others
17123,Others
15840,Others
16858,Others
16423,Others
13649,Others
12566,Others
15713,Others
13062,Others
13587,Others
12895,Others
17668,Others
18155,Others
14379,"Loyal Customers"
13052,Others
16159,Others
15579,"Loyal Customers"
12527,Others
18127,"Loyal Customers"
13790,"Loyal Customers"
13927,Others
15405,Others
13887,Others
13670,Others
12532,Others
13108,Others
13919,"Loyal Customers"
17795,"At Risk"
17835,"Loyal Customers"
13740,Others
13332,Others
15900,"Loyal Customers"
13923,Others
15789,Others
14333,Others
15334,"At Risk"
18112,Others
15678,Others
17976,"At Risk"
14804,"New Customers"
13210,Others
13173,"Loyal Customers"
12715,Others
17252,"At Risk"
15870,"Loyal Customers"
12845,Others
17222,Others
13642,"At Risk"
17742,Others
12617,"Loyal Customers"
14537,Others
12544,Others
15247,Others
14500,Others
13453,Others
18040,Others
17025,Others
16274,"At Risk"
13976,Others
13228,Others
16823,"At Risk"
17948,Others
14690,"Loyal Customers"
15664,Others
13298,"New Customers"
13780,"Loyal Customers"
16595,"Loyal Customers"
15872,"Loyal Customers"
13291,"At Risk"
16305,Others
14950,Others
13936,Others
13844,Others
16052,"Loyal Customers"
17573,Others
16378,Others
14427,Others
13856,Others
14932,Others
15922,Others
12915,Others
16485,"At Risk"
18056,Others
16509,Others
14171,"At Risk"
15901,"Loyal Customers"
17330,Others
12538,Others
16909,Others
14528,Others
15343,Others
12373,Others
15949,Others
14886,Others
15429,"Loyal Customers"
16202,Others
13300,Others
17432,"Loyal Customers"
17358,"At Risk"
17911,"Loyal Customers"
15345,Others
16372,"Loyal Customers"
14888,Others
16758,Others
16343,"Loyal Customers"
15063,Others
15975,Others
15472,"At Risk"
17765,"At Risk"
16065,"At Risk"
12981,Others
17375,"At Risk"
16239,Others
16903,"Loyal Customers"
13569,"Loyal Customers"
13351,Others
12873,Others
17492,Others
14067,"Loyal Customers"
16147,Others
14079,Others
14048,"At Risk"
14448,Others
17489,Others
15025,"Loyal Customers"
12982,"At Risk"
13345,Others
17078,Others
17438,Others
13954,"Loyal Customers"
13372,Others
15885,Others
16484,Others
17878,Others
14619,Others
13589,Others
13656,"At Risk"
16552,Others
14594,"Loyal Customers"
17239,Others
14731,"Loyal Customers"
17031,Others
16769,"At Risk"
12890,"Loyal Customers"
17138,Others
16930,"Loyal Customers"
15048,"Loyal Customers"
12871,Others
16441,Others
15090,Others
13873,Others
17999,"Loyal Customers"
13657,Others
18181,"Loyal Customers"
13817,Others
12832,Others
14460,Others
15424,Others
15440,"Loyal Customers"
12515,Others
12733,Others
16982,Others
17205,Others
17189,"At Risk"
17250,"Loyal Customers"
13833,Others
17711,Others
13821,"At Risk"
14420,"At Risk"
14779,"At Risk"
14114,Others
17508,Others
17817,"Loyal Customers"
17357,"Loyal Customers"
14538,Others
16776,"Loyal Customers"
17035,"At Risk"
13899,Others
15592,Others
17595,"Loyal Customers"
12690,Others
15847,Others
13352,Others
16250,Others
14752,Others
17936,"Loyal Customers"
14910,"Loyal Customers"
17614,"Loyal Customers"
13255,Others
16917,Others
15342,Others
15837,Others
14620,"At Risk"
14600,Others
17226,Others
15264,Others
15386,"At Risk"
16207,Others
18164,Others
16354,"Loyal Customers"
18067,"Loyal Customers"
15883,"Loyal Customers"
17486,Others
13673,"Loyal Customers"
13594,Others
12824,Others
17926,Others
14431,Others
12508,"Loyal Customers"
17830,Others
15522,"Loyal Customers"
18154,Others
15809,"Loyal Customers"
13615,Others
14157,"Loyal Customers"
12792,Others
16198,Others
16500,"New Customers"
15158,Others
12386,Others
17431,"At Risk"
12498,Others
16319,Others
15938,Others
17379,"Loyal Customers"
12922,Others
18036,"Loyal Customers"
16204,"Loyal Customers"
14616,Others
16947,Others
15127,Others
15184,"Loyal Customers"
16010,"At Risk"
17931,"At Risk"
16399,"Loyal Customers"
15269,Others
16018,Others
16243,"Loyal Customers"
15225,Others
12990,Others
14348,Others
12403,Others
12930,Others
15695,Others
15099,Others
12579,"At Risk"
15186,Others
14670,"At Risk"
17913,"Loyal Customers"
16272,Others
15523,Others
13827,"Loyal Customers"
12802,Others
16834,Others
13974,Others
17052,"Loyal Customers"
14288,Others
17483,Others
13166,"At Risk"
12993,Others
16795,"At Risk"
15725,"Loyal Customers"
12580,Others
14139,Others
15803,Others
16957,Others
12493,Others
15935,Others
13889,Others
16816,Others
18001,"Loyal Customers"
12833,Others
13473,Others
16737,Others
16629,"At Risk"
15433,"At Risk"
17701,Others
12593,Others
15967,"Loyal Customers"
15361,Others
14124,Others
15206,"New Customers"
14757,Others
17232,"Loyal Customers"
16233,Others
18240,Others
17525,Others
18034,"Loyal Customers"
15012,"Loyal Customers"
16119,Others
13140,"At Risk"
17371,"Loyal Customers"
17134,Others
15646,"At Risk"
16780,"At Risk"
15639,Others
15406,"Loyal Customers"
15930,Others
17223,"At Risk"
13171,"Loyal Customers"
15994,"Loyal Customers"
12740,Others
12725,Others
15360,Others
17869,"At Risk"
12452,Others
16324,"At Risk"
15957,"Loyal Customers"
13602,Others
15230,Others
15450,"Loyal Customers"
16884,Others
14998,"At Risk"
12827,Others
12795,Others
13245,Others
18106,"At Risk"
13066,"Loyal Customers"
15976,"At Risk"
13359,Others
13338,Others
16881,Others
16236,Others
16948,Others
15551,Others
16084,"At Risk"
15553,"Loyal Customers"
12592,Others
16034,Others
12552,Others
14272,"At Risk"
15881,"At Risk"
15468,Others
14513,Others
13358,Others
16968,"Loyal Customers"
16025,Others
14022,Others
18233,Others
15524,Others
17579,"Loyal Customers"
15877,"Loyal Customers"
16163,Others
14093,"Loyal Customers"
18222,Others
16404,Others
14638,Others
16898,"Loyal Customers"
18006,Others
17370,"At Risk"
15889,"At Risk"
15368,Others
15456,"At Risk"
14780,Others
18176,"At Risk"
15739,Others
12448,Others
13489,Others
17040,Others
14173,Others
16574,Others
18158,"Loyal Customers"
12970,"Loyal Customers"
17460,"At Risk"
13506,Others
12591,Others
14184,Others
18071,Others
12729,Others
17564,"Loyal Customers"
15475,Others
13485,Others
16038,Others
15223,"At Risk"
16529,"At Risk"
15585,"At Risk"
12375,Others
15754,Others
12999,Others
15018,"Loyal Customers"
15589,"At Risk"
12564,Others
13398,Others
14497,"At Risk"
15121,Others
15092,Others
17392,"At Risk"
16768,"Loyal Customers"
17880,Others
16589,"At Risk"
12355,Others
13092,Others
15535,"At Risk"
12491,Others
16805,"At Risk"
16824,Others
12391,"Loyal Customers"
14470,"Loyal Customers"
14331,Others
12945,Others
14853,"New Customers"
14489,"At Risk"
17418,"Loyal Customers"
12787,Others
15109,"At Risk"
14967,Others
16586,Others
13928,Others
17140,Others
15036,"At Risk"
13248,Others
13579,Others
14029,Others
14335,"Loyal Customers"
14147,Others
14896,"At Risk"
13005,Others
15026,"At Risk"
15471,"Loyal Customers"
15963,Others
16885,"Loyal Customers"
13043,Others
17964,"Loyal Customers"
17950,"At Risk"
14013,"At Risk"
16374,"Loyal Customers"
16859,"At Risk"
15557,Others
15349,"At Risk"
15780,Others
12447,Others
15344,"Loyal Customers"
15091,"Loyal Customers"
12479,"Loyal Customers"
12644,"At Risk"
16008,"Loyal Customers"
16812,Others
16518,"Loyal Customers"
16863,Others
18216,Others
16693,"Loyal Customers"
16603,"At Risk"
14450,"At Risk"
17555,"Loyal Customers"
12808,Others
13531,Others
14130,"At Risk"
12809,Others
16504,"Loyal Customers"
16999,Others
13116,"At Risk"
15287,Others
17658,Others
12639,Others
13153,Others
17453,Others
13675,Others
15081,"Loyal Customers"
16643,Others
15165,Others
14396,"Loyal Customers"
13984,Others
17361,Others
18074,Others
14416,Others
15000,"Loyal Customers"
14236,Others
13732,"Loyal Customers"
16488,"Loyal Customers"
15507,"At Risk"
14270,Others
13176,"Loyal Customers"
16955,Others
12763,Others
17333,Others
16352,Others
15448,Others
16602,"Loyal Customers"
15882,Others
17374,Others
17053,Others
15300,Others
16892,"Loyal Customers"
16368,"Loyal Customers"
17495,Others
16820,Others
17298,"At Risk"
15142,Others
14681,Others
15193,Others
14077,"Loyal Customers"
14958,"At Risk"
15389,Others
16616,"Loyal Customers"
13247,Others
13865,"Loyal Customers"
15006,"Loyal Customers"
17630,Others
12991,"Loyal Customers"
12863,Others
15469,Others
14014,"At Risk"
16614,Others
17480,"At Risk"
13885,Others
16960,"Loyal Customers"
15721,"Loyal Customers"
14820,Others
14158,"Loyal Customers"
17415,Others
17958,Others
14317,Others
17391,Others
15417,Others
12436,Others
12904,"Loyal Customers"
16325,Others
16561,"Loyal Customers"
15655,"At Risk"
14851,Others
12582,Others
15467,"Loyal Customers"
14034,"Loyal Customers"
17429,"At Risk"
17805,Others
17513,Others
15246,"At Risk"
12811,"At Risk"
18205,"Loyal Customers"
17454,"At Risk"
16135,Others
15030,Others
16650,Others
13643,Others
12571,"Loyal Customers"
14873,Others
15149,Others
14871,"Loyal Customers"
17712,Others
18017,Others
17329,"Loyal Customers"
13721,Others
15891,"At Risk"
17290,"Loyal Customers"
17888,"Loyal Customers"
18252,"Loyal Customers"
17623,"Loyal Customers"
17631,"Loyal Customers"
16185,"Loyal Customers"
14463,Others
14002,"At Risk"
16933,"Loyal Customers"
18159,Others
14265,"At Risk"
16706,"Loyal Customers"
15825,Others
15756,"Loyal Customers"
17443,Others
13434,Others
17062,"At Risk"
13385,"At Risk"
13000,"At Risk"
12988,"At Risk"
16142,"At Risk"
13894,"Loyal Customers"
12559,Others
16804,"Loyal Customers"
15043,Others
16206,"Loyal Customers"
14539,"Loyal Customers"
14474,"Loyal Customers"
17345,"Loyal Customers"
16278,Others
15539,"Loyal Customers"
14618,Others
15452,"Loyal Customers"
14496,Others
13812,"Loyal Customers"
16536,"At Risk"
13874,Others
14997,Others
17897,"At Risk"
17557,"Loyal Customers"
17447,"Loyal Customers"
16230,"At Risk"
13278,"Loyal Customers"
16211,Others
16927,Others
13390,Others
13617,"Loyal Customers"
16475,Others
12987,"At Risk"
12793,Others
17806,"Loyal Customers"
12743,"At Risk"
17520,"Loyal Customers"
17637,"Loyal Customers"
16811,Others
15830,"Loyal Customers"
16031,"At Risk"
16340,"At Risk"
12390,"At Risk"
17235,Others
17291,Others
17674,Others
15315,"Loyal Customers"
12363,Others
12879,Others
15068,"Loyal Customers"
14338,"At Risk"
14891,"At Risk"
14177,"At Risk"
14805,"Loyal Customers"
13816,"Loyal Customers"
16385,"Loyal Customers"
13939,"Loyal Customers"
17295,"Loyal Customers"
17955,Others
15339,"Loyal Customers"
13260,Others
13800,"At Risk"
17503,"Loyal Customers"
12866,Others
18043,"Loyal Customers"
14400,Others
16275,"At Risk"
14273,Others
13044,"At Risk"
13946,Others
12414,Others
17265,"At Risk"
14753,"At Risk"
17014,"Loyal Customers"
12384,"Loyal Customers"
18150,"Loyal Customers"
13321,Others
12601,Others
16667,"Loyal Customers"
17540,Others
14592,"Loyal Customers"
15821,"Loyal Customers"
17616,Others
12816,Others
13405,Others
13379,"Loyal Customers"
15415,"At Risk"
14176,"At Risk"
15303,"At Risk"
14323,"At Risk"
12784,"Loyal Customers"
14167,"Loyal Customers"
13487,"Loyal Customers"
16345,"Loyal Customers"
15550,"Loyal Customers"
16916,"Loyal Customers"
14410,"Loyal Customers"
14284,"Loyal Customers"
13314,"Loyal Customers"
13292,"Loyal Customers"
17142,Others
16906,"At Risk"
18095,Others
15768,Others
14692,"At Risk"
12695,Others
18232,"At Risk"
17970,"At Risk"
13427,Others
12426,"At Risk"
15969,Others
16838,Others
15762,"Loyal Customers"
13557,"Loyal Customers"
14023,"Loyal Customers"
16072,Others
16384,"At Risk"
15222,Others
17360,"Loyal Customers"
12513,"At Risk"
17351,Others
15624,"At Risk"
16723,"At Risk"
16203,"Loyal Customers"
18123,"Loyal Customers"
14882,Others
13452,Others
13270,Others
14133,"At Risk"
13276,"Loyal Customers"
13811,Others
16116,"At Risk"
17119,"Loyal Customers"
16535,"Loyal Customers"
15442,Others
12917,Others
14108,"Loyal Customers"
16763,Others
16654,"At Risk"
12577,"Loyal Customers"
18246,Others
15381,Others
14645,"At Risk"
16788,"At Risk"
17864,"Loyal Customers"
16298,Others
13959,"At Risk"
13311,Others
15720,"Loyal Customers"
14467,"Loyal Customers"
17420,"Loyal Customers"
14965,"At Risk"
12521,"At Risk"
14905,Others
15648,Others
12872,"At Risk"
18211,"Loyal Customers"
13243,"At Risk"
12420,Others
18183,"At Risk"
14609,Others
12654,"Loyal Customers"
17890,"At Risk"
16306,"At Risk"
15366,"At Risk"
15322,"Loyal Customers"
17259,"At Risk"
12707,"At Risk"
16134,"Loyal Customers"
12649,"At Risk"
12556,"Loyal Customers"
16732,Others
12944,"Loyal Customers"
17664,"Loyal Customers"
14675,"Loyal Customers"
13558,"Loyal Customers"
13233,"At Risk"
17507,"At Risk"
13888,"At Risk"
17849,Others
13539,"At Risk"
14710,"Loyal Customers"
12933,"Loyal Customers"
15573,"Loyal Customers"
14342,Others
12719,"Loyal Customers"
15147,Others
13933,Others
15275,"Loyal Customers"
14636,Others
13357,"At Risk"
15795,"At Risk"
12673,"Loyal Customers"
13731,"At Risk"
14152,"At Risk"
16109,Others
15645,"Loyal Customers"
15232,"At Risk"
18149,Others
15073,"Loyal Customers"
13914,"Loyal Customers"
16566,Others
13145,Others
16005,"Loyal Customers"
15215,"Loyal Customers"
16311,"Loyal Customers"
13925,"Loyal Customers"
16442,"Loyal Customers"
14377,Others
13496,"Loyal Customers"
14593,"Loyal Customers"
13301,"At Risk"
12596,Others
16613,"Loyal Customers"
13493,Others
14529,"Loyal Customers"
12667,"Loyal Customers"
16141,"At Risk"
13402,"At Risk"
17640,Others
16915,"Loyal Customers"
18217,"Loyal Customers"
17867,"Loyal Customers"
15182,Others
17499,"At Risk"
15258,"At Risk"
13368,Others
16718,"At Risk"
16750,"Loyal Customers"
14382,"Loyal Customers"
18218,Others
14036,"At Risk"
15402,"At Risk"
13546,"Loyal Customers"
15028,"Loyal Customers"
13388,"At Risk"
16022,"At Risk"
14687,Others
13525,Others
13046,"Loyal Customers"
17994,"At Risk"
17990,Others
15244,"Loyal Customers"
14021,Others
13822,"Loyal Customers"
14301,Others
14220,Others
13892,Others
15045,Others
14000,Others
17985,Others
15297,"Loyal Customers"
15100,Others
16139,"Loyal Customers"
15773,"New Customers"
15384,"At Risk"
15829,"At Risk"
14481,"At Risk"
14128,"Loyal Customers"
14664,"Loyal Customers"
14754,"Loyal Customers"
18160,"Loyal Customers"
16444,"Loyal Customers"
17515,"Loyal Customers"
15919,"Loyal Customers"
12631,"Loyal Customers"
13318,Others
13417,Others
12624,"At Risk"
16554,"Loyal Customers"
17046,Others
17779,"Loyal Customers"
13034,"Loyal Customers"
14020,"Loyal Customers"
16431,"At Risk"
12612,Others
14126,Others
16157,Others
17312,Others
14829,"Loyal Customers"
14855,Others
17545,"Loyal Customers"
15651,"Loyal Customers"
12589,"Loyal Customers"
17373,"Loyal Customers"
15643,"At Risk"
13564,"At Risk"
16573,"At Risk"
13430,"Loyal Customers"
15205,"At Risk"
15098,Others
16969,"Loyal Customers"
15571,"Loyal Customers"
16469,"Loyal Customers"
16734,"Loyal Customers"
16362,"Loyal Customers"
17523,"Loyal Customers"
14548,Others
14044,"Loyal Customers"
16014,"Loyal Customers"
18151,"At Risk"
17398,"At Risk"
14651,"Loyal Customers"
16774,"Loyal Customers"
14894,Others
16127,"Loyal Customers"
15197,"Loyal Customers"
16708,Others
13049,Others
15677,"Loyal Customers"
12616,"At Risk"
17459,"Loyal Customers"
14818,"At Risk"
16696,Others
17874,"At Risk"
14150,Others
16357,"Loyal Customers"
13759,Others
13518,"At Risk"
15492,"Loyal Customers"
13028,"Loyal Customers"
14603,Others
14451,"Loyal Customers"
17462,Others
14198,"Loyal Customers"
17423,Others
13240,"At Risk"
14720,"Loyal Customers"
15700,"At Risk"
16208,"Loyal Customers"
13963,"At Risk"
16056,"Loyal Customers"
15038,"Loyal Customers"
17105,"At Risk"
17777,"Loyal Customers"
13741,"At Risk"
15400,Others
14356,"Loyal Customers"
16268,"Loyal Customers"
18022,"Loyal Customers"
15031,"Loyal Customers"
16383,"At Risk"
12418,"At Risk"
14643,"At Risk"
17299,"Loyal Customers"
15951,"Loyal Customers"
12638,"Loyal Customers"
17883,"Loyal Customers"
14628,Others
13623,"Loyal Customers"
18121,"At Risk"
14504,"Loyal Customers"
13951,"At Risk"
17749,"At Risk"
13464,"Loyal Customers"
16449,"At Risk"
13355,"At Risk"
16418,"Loyal Customers"
13325,Others
15626,"At Risk"
16377,Others
13040,"Loyal Customers"
15669,"Loyal Customers"
13607,"Loyal Customers"
14788,"Loyal Customers"
16642,"Loyal Customers"
16872,Others
13524,Others
15181,Others
15304,Others
13238,"Loyal Customers"
12478,"Loyal Customers"
12410,Others
16212,"Loyal Customers"
18135,Others
13548,"At Risk"
15582,"Loyal Customers"
12838,"Loyal Customers"
14222,"At Risk"
12942,"At Risk"
16495,"Loyal Customers"
16122,"At Risk"
14959,"Loyal Customers"
14009,"At Risk"
12658,"Loyal Customers"
16309,"At Risk"
14201,"Loyal Customers"
14111,Others
13799,"At Risk"
17502,Others
18196,"At Risk"
13023,"Loyal Customers"
18085,Others
16015,"Loyal Customers"
13838,"Loyal Customers"
17733,"Loyal Customers"
17198,"Loyal Customers"
13601,"Loyal Customers"
12925,"Loyal Customers"
12413,"Loyal Customers"
17397,"Loyal Customers"
13596,"Loyal Customers"
15053,"Loyal Customers"
17796,"Loyal Customers"
13258,"Loyal Customers"
15800,"At Risk"
17734,"Loyal Customers"
17321,"Loyal Customers"
14867,"At Risk"
16997,Others
15574,"At Risk"
16730,"Loyal Customers"
15103,"Loyal Customers"
18082,"Loyal Customers"
12883,"Loyal Customers"
16140,"Loyal Customers"
17934,Others
16882,"Loyal Customers"
14880,"At Risk"
17526,Others
16364,"Loyal Customers"
12453,"At Risk"
12781,"Loyal Customers"
12427,"Loyal Customers"
16136,"Loyal Customers"
14127,"At Risk"
17472,"At Risk"
13249,Others
17179,"At Risk"
13705,Others
15855,"At Risk"
17642,"At Risk"
13416,Others
17761,Others
13147,"New Customers"
13169,Others
15757,"Loyal Customers"
15330,Others
18133,Others
17029,Others
12535,"At Risk"
15274,"Loyal Customers"
17884,"Loyal Customers"
14725,"Loyal Customers"
14179,"Loyal Customers"
16023,"Loyal Customers"
18062,Others
13370,"At Risk"
15272,"Loyal Customers"
14869,"Loyal Customers"
17521,"Loyal Customers"
15584,"Loyal Customers"
15561,"Loyal Customers"
12475,"Loyal Customers"
13736,"Loyal Customers"
12468,"At Risk"
15636,Others
12723,"Loyal Customers"
14055,Others
13236,"Loyal Customers"
17666,Others
13950,"Loyal Customers"
13077,"Loyal Customers"
18035,"Loyal Customers"
14778,"At Risk"
16491,"Loyal Customers"
16099,"Loyal Customers"
13575,"Loyal Customers"
17812,"Loyal Customers"
16256,Others
17692,"At Risk"
12465,"Loyal Customers"
16146,Others
17034,"Loyal Customers"
18156,"Loyal Customers"
17979,"Loyal Customers"
12976,Others
14756,"Loyal Customers"
12603,Others
16924,"Loyal Customers"
13329,Others
15252,"Loyal Customers"
17974,"Loyal Customers"
13900,"At Risk"
13753,"At Risk"
12374,"Loyal Customers"
13354,"At Risk"
16770,"Loyal Customers"
14790,"Loyal Customers"
14050,"Loyal Customers"
16261,"Loyal Customers"
15533,"Loyal Customers"
15618,"Loyal Customers"
17114,"Loyal Customers"
15831,"Loyal Customers"
15656,"Loyal Customers"
15074,"At Risk"
17411,"Loyal Customers"
14923,"Loyal Customers"
17146,"At Risk"
13730,"At Risk"
18104,"Loyal Customers"
14883,"Loyal Customers"
16470,"Loyal Customers"
17461,"Loyal Customers"
15568,"Loyal Customers"
16036,"At Risk"
17425,"Loyal Customers"
15066,"Loyal Customers"
14412,"Loyal Customers"
16205,"Loyal Customers"
15599,"Loyal Customers"
18136,"Loyal Customers"
17466,"Loyal Customers"
17268,Others
15239,"Loyal Customers"
12434,"At Risk"
14885,Others
17695,"At Risk"
14672,"At Risk"
14550,"Loyal Customers"
14976,"Loyal Customers"
13109,"Loyal Customers"
17516,"Loyal Customers"
13356,"At Risk"
18228,"Loyal Customers"
16480,"At Risk"
12628,"Loyal Customers"
14662,"Loyal Customers"
17409,Others
12965,"At Risk"
16759,"Loyal Customers"
13375,"At Risk"
15075,Others
16043,"Loyal Customers"
15414,"Loyal Customers"
16725,"At Risk"
16825,Others
14234,"Loyal Customers"
13341,"At Risk"
15353,"At Risk"
12425,"At Risk"
13563,"At Risk"
16505,Others
17414,Others
14815,"Loyal Customers"
16092,"At Risk"
12735,"At Risk"
17180,"Loyal Customers"
17797,"Loyal Customers"
14644,"Loyal Customers"
13212,"Loyal Customers"
13583,"At Risk"
15679,"Loyal Customers"
13884,"Loyal Customers"
17341,"At Risk"
17006,"Loyal Customers"
18248,"At Risk"
16054,"At Risk"
17387,"Loyal Customers"
15743,"Loyal Customers"
15806,"Loyal Customers"
13323,Others
13016,"At Risk"
13167,"Loyal Customers"
15990,"Loyal Customers"
13336,"At Risk"
12701,"At Risk"
13389,"Loyal Customers"
16438,"Loyal Customers"
17703,"Loyal Customers"
13030,"Loyal Customers"
14475,"At Risk"
13720,"At Risk"
17905,"At Risk"
16806,"At Risk"
18265,"At Risk"
16164,"Loyal Customers"
13929,Others
12422,"At Risk"
12778,"Loyal Customers"
16367,"Loyal Customers"
16869,"Loyal Customers"
12421,"Loyal Customers"
13707,"At Risk"
15952,"Loyal Customers"
17115,"Loyal Customers"
16891,"Loyal Customers"
16660,Others
13637,"Loyal Customers"
16624,"At Risk"
16276,Others
15525,"Loyal Customers"
17980,"At Risk"
15644,"At Risk"
14421,Others
16621,Others
16600,"Loyal Customers"
17075,"Loyal Customers"
18064,Others
16460,"Loyal Customers"
13280,"At Risk"
14499,"Loyal Customers"
15399,"Loyal Customers"
15649,Others
16108,"At Risk"
16560,"Loyal Customers"
16943,"At Risk"
17169,"Loyal Customers"
17764,"Loyal Customers"
13220,Others
13893,Others
14231,"At Risk"
16284,"Loyal Customers"
17921,"Loyal Customers"
16494,"At Risk"
12461,"At Risk"
16747,"Loyal Customers"
13681,"Loyal Customers"
12693,"At Risk"
15862,"Loyal Customers"
16644,"At Risk"
17929,Others
13835,"Loyal Customers"
17759,"Loyal Customers"
12728,"At Risk"
15832,"At Risk"
14657,"Loyal Customers"
13940,"Loyal Customers"
17076,Others
14862,"Loyal Customers"
14912,Others
12878,"Loyal Customers"
15164,"Loyal Customers"
17624,"Loyal Customers"
14803,"At Risk"
15965,"Loyal Customers"
16222,"At Risk"
13221,"At Risk"
13846,"Loyal Customers"
14625,"At Risk"
12713,"Loyal Customers"
17027,"At Risk"
12379,"At Risk"
13991,"Loyal Customers"
16020,"Loyal Customers"
16027,Others
16070,"Loyal Customers"
14193,"Loyal Customers"
16877,"Loyal Customers"
17560,Others
16037,"At Risk"
16235,"Loyal Customers"
14553,"Loyal Customers"
17064,"Loyal Customers"
14577,"Loyal Customers"
13339,"At Risk"
12794,"Loyal Customers"
17649,"At Risk"
16266,"At Risk"
12680,"Loyal Customers"
17048,"At Risk"
16221,"Loyal Customers"
16567,"At Risk"
14332,Others
16121,"Loyal Customers"
14715,"Loyal Customers"
15208,"Loyal Customers"
16801,"At Risk"
14623,"Loyal Customers"
13203,"Loyal Customers"
12694,"Loyal Customers"
17109,"Loyal Customers"
13979,"At Risk"
13200,"Loyal Customers"
12847,"Loyal Customers"
13294,"At Risk"
16513,"Loyal Customers"
13566,"Loyal Customers"
12940,"Loyal Customers"
14770,"At Risk"
17007,"Loyal Customers"
15653,Others
17731,"At Risk"
14141,"Loyal Customers"
13662,"At Risk"
15076,"At Risk"
13037,"At Risk"
18236,"Loyal Customers"
14359,"Loyal Customers"
14597,"Loyal Customers"
15799,"At Risk"
17704,"At Risk"
15822,"Loyal Customers"
13035,"Loyal Customers"
16347,"Loyal Customers"
17527,"Loyal Customers"
17829,"At Risk"
14344,"At Risk"
14240,"Loyal Customers"
15255,"Loyal Customers"
13515,"At Risk"
12772,"Loyal Customers"
15079,"At Risk"
15211,"Loyal Customers"
15865,"Loyal Customers"
18194,Others
16361,"Loyal Customers"
17044,"New Customers"
17537,"Loyal Customers"
13810,"Loyal Customers"
17886,"Loyal Customers"
17848,"At Risk"
17566,"Loyal Customers"
12994,"Loyal Customers"
15807,"Loyal Customers"
12722,"At Risk"
14081,"At Risk"
15022,"Loyal Customers"
15480,"At Risk"
14449,"Loyal Customers"
16584,"At Risk"
13038,Others
17323,"Loyal Customers"
15511,"Loyal Customers"
17552,"Loyal Customers"
13689,Others
13350,"Loyal Customers"
18096,Champions
14289,"Loyal Customers"
16714,"At Risk"
13192,"At Risk"
13782,Champions
16809,Champions
15364,Others
15587,Others
12652,"At Risk"
16216,"At Risk"
15253,"Loyal Customers"
13549,"Loyal Customers"
17236,Champions
14712,Others
14015,Others
12822,"Loyal Customers"
13075,Others
14140,Champions
17018,Others
15312,"At Risk"
13934,"At Risk"
16551,"At Risk"
13122,"At Risk"
15654,Others
13805,Others
15201,"At Risk"
12924,"At Risk"
14532,"At Risk"
13655,"At Risk"
16657,Champions
14256,"At Risk"
15289,Champions
13026,"Loyal Customers"
17289,Champions
17097,Champions
12697,"Loyal Customers"
14629,Champions
17227,"Loyal Customers"
15576,"Loyal Customers"
13636,"Loyal Customers"
14075,"Loyal Customers"
12820,Champions
13261,Others
15707,"Loyal Customers"
15681,Champions
12458,"At Risk"
15787,Champions
13748,Others
15793,"New Customers"
16511,Champions
15421,"Loyal Customers"
16934,"Loyal Customers"
15835,"Loyal Customers"
17244,"Loyal Customers"
15948,Champions
13823,"Loyal Customers"
18192,"At Risk"
15658,"At Risk"
16419,"At Risk"
15156,"Loyal Customers"
14006,"At Risk"
13138,Champions
14195,Others
14931,"Loyal Customers"
12550,"At Risk"
17405,Champions
15907,Champions
15110,"Loyal Customers"
15449,Champions
17618,Champions
17100,Champions
13155,"Loyal Customers"
15747,Champions
14522,Others
14223,"At Risk"
15860,"Loyal Customers"
16376,Champions
14920,"At Risk"
15132,"Loyal Customers"
15506,Champions
13509,"Loyal Customers"
18170,"Loyal Customers"
12717,"At Risk"
12541,"Loyal Customers"
16085,Champions
16907,Champions
16188,"Loyal Customers"
15071,Others
14138,"Loyal Customers"
15133,Others
12510,"At Risk"
16232,"Loyal Customers"
17214,"Loyal Customers"
17144,"Loyal Customers"
13117,Champions
18237,Champions
15062,"At Risk"
13410,"Loyal Customers"
17324,"Loyal Customers"
17951,Others
17126,"At Risk"
13363,Champions
17096,"Loyal Customers"
16009,Champions
17594,"At Risk"
17724,"Loyal Customers"
17646,"At Risk"
14540,Champions
13032,"Loyal Customers"
15434,Champions
16572,"At Risk"
14389,Champions
18143,"At Risk"
14214,Champions
15508,"At Risk"
12545,"At Risk"
15706,"Loyal Customers"
12446,"Loyal Customers"
15104,"At Risk"
12572,Champions
15329,"Loyal Customers"
13429,Champions
14631,"Loyal Customers"
13455,"Loyal Customers"
16160,Others
16174,Others
16229,"At Risk"
14775,"Loyal Customers"
12936,Champions
17197,Others
12739,"At Risk"
12642,"Loyal Customers"
18142,Others
13867,Champions
13728,"Loyal Customers"
12514,"At Risk"
14083,Champions
12828,"Loyal Customers"
14276,"At Risk"
13376,"At Risk"
15839,Champions
13165,"Loyal Customers"
14346,"At Risk"
15777,Others
14904,Champions
13956,Champions
16533,Champions
16416,Champions
16682,"Loyal Customers"
15333,Others
14584,"At Risk"
17033,Others
13253,"At Risk"
12724,"Loyal Customers"
12599,Champions
18221,Champions
13639,"At Risk"
15171,Others
16260,Others
12691,"Loyal Customers"
16520,"At Risk"
15985,"At Risk"
16175,"At Risk"
16320,"At Risk"
13131,"Loyal Customers"
14446,Champions
13719,Champions
16094,Champions
12951,Champions
15801,"Loyal Customers"
17727,Champions
12497,Others
16918,"Loyal Customers"
15192,"At Risk"
17042,Champions
15996,"At Risk"
18130,Champions
14293,Champions
14488,"Loyal Customers"
13791,Others
13282,"Loyal Customers"
15763,Champions
15464,"At Risk"
14078,"At Risk"
14224,"At Risk"
12849,"Loyal Customers"
15027,"Loyal Customers"
14583,Champions
12716,Champions
13715,"At Risk"
16728,"Loyal Customers"
15977,Champions
14514,"Loyal Customers"
15407,"Loyal Customers"
15238,"Loyal Customers"
13853,Others
14419,Champions
14465,"At Risk"
12679,"Loyal Customers"
16214,"At Risk"
14411,Others
12815,"At Risk"
17287,Champions
17277,"At Risk"
17041,Champions
14948,Champions
14212,Others
13761,"Loyal Customers"
17522,Champions
13635,"Loyal Customers"
15745,Champions
15712,"Loyal Customers"
16563,Others
16980,"At Risk"
14352,"At Risk"
12354,"At Risk"
13726,"Loyal Customers"
16200,Champions
14561,"At Risk"
13310,Champions
15602,"Loyal Customers"
13467,Champions
18189,"At Risk"
17095,Champions
14744,Others
12534,"At Risk"
15489,"Loyal Customers"
13476,"At Risk"
13521,Champions
15608,Champions
13652,"Loyal Customers"
16225,"Loyal Customers"
14708,"Loyal Customers"
17966,"Loyal Customers"
13104,Others
15978,"At Risk"
16350,Champions
17047,"At Risk"
17609,"Loyal Customers"
13447,Champions
12857,"At Risk"
16833,"Loyal Customers"
17562,Champions
15933,Champions
15730,"Loyal Customers"
12399,"At Risk"
15069,"At Risk"
14817,"At Risk"
14161,"At Risk"
16049,"Loyal Customers"
13610,Champions
14971,"Loyal Customers"
13591,"Loyal Customers"
17788,Others
15716,"At Risk"
12842,"Loyal Customers"
16086,"Loyal Customers"
13064,Champions
17894,"At Risk"
17302,Champions
15737,Champions
16807,"At Risk"
13486,"At Risk"
15436,Champions
14129,"Loyal Customers"
12462,Champions
16637,"Loyal Customers"
13118,Champions
17470,"Loyal Customers"
12609,"At Risk"
14824,Others
12710,"At Risk"
13882,Champions
15500,Champions
13772,"Loyal Customers"
17585,"At Risk"
16989,"New Customers"
18168,"At Risk"
17242,"At Risk"
13500,Champions
17500,Others
12494,Champions
17135,"Loyal Customers"
16172,"At Risk"
15088,Champions
13819,"At Risk"
13330,"At Risk"
16270,"At Risk"
18125,Champions
12546,"Loyal Customers"
17770,"At Risk"
12769,"At Risk"
15810,"At Risk"
16766,"At Risk"
17505,"At Risk"
13499,"Loyal Customers"
16042,Champions
12657,"Loyal Customers"
16062,Champions
16184,"Loyal Customers"
13744,"At Risk"
13611,"At Risk"
12885,"Loyal Customers"
14723,Champions
15621,Others
17348,Champions
16949,Champions
14447,Champions
14261,"Loyal Customers"
14737,Others
14857,"Loyal Customers"
16653,Champions
14745,"At Risk"
12358,Others
16639,"Loyal Customers"
15306,"Loyal Customers"
12640,"Loyal Customers"
17653,"Loyal Customers"
16950,"Loyal Customers"
17058,"At Risk"
15630,"Loyal Customers"
14487,Champions
13752,"At Risk"
16612,"Loyal Customers"
14064,Champions
12611,"Loyal Customers"
15145,Champions
12967,"Loyal Customers"
17720,"Loyal Customers"
13211,"Loyal Customers"
12997,Champions
15605,"Loyal Customers"
17800,"Loyal Customers"
17320,"At Risk"
13158,"At Risk"
16800,Champions
16794,Champions
13055,"Loyal Customers"
13208,"Loyal Customers"
18171,"Loyal Customers"
15841,"Loyal Customers"
18263,Champions
12464,Others
13918,"Loyal Customers"
17410,Champions
17774,"At Risk"
12985,Champions
13491,"Loyal Customers"
15227,"Loyal Customers"
12412,"At Risk"
17584,"Loyal Customers"
14913,"Loyal Customers"
14898,Champions
14428,Champions
13931,"At Risk"
18080,Others
15910,Champions
15376,"Loyal Customers"
14684,Champions
14893,Champions
13860,Champions
17588,Others
17633,"Loyal Customers"
16531,Champions
16101,Champions
15004,"At Risk"
13029,Others
12689,Champions
14383,"Loyal Customers"
17481,Champions
13151,"At Risk"
14698,Champions
17802,"At Risk"
17037,"At Risk"
17262,Others
13848,Others
17350,Champions
17412,Champions
12507,Others
14665,"Loyal Customers"
17388,Others
15497,Others
14105,"At Risk"
16842,"Loyal Customers"
16688,Champions
15009,Champions
16951,"At Risk"
14916,"Loyal Customers"
13989,"Loyal Customers"
17158,"Loyal Customers"
14511,Champions
15199,Others
13431,"Loyal Customers"
13492,"At Risk"
14669,"At Risk"
12630,Champions
14794,Champions
12394,Others
17019,Champions
16692,Others
14267,"At Risk"
13538,Others
13878,"Loyal Customers"
16899,Champions
15136,Champions
14297,Champions
17671,Champions
16571,Champions
12854,"At Risk"
14738,"Loyal Customers"
14047,"Loyal Customers"
15108,"At Risk"
16120,"Loyal Customers"
16224,"Loyal Customers"
16929,Champions
17961,Champions
12372,"At Risk"
12488,"Loyal Customers"
15494,Champions
12919,"Loyal Customers"
12463,"Loyal Customers"
15813,"At Risk"
17919,Others
16744,Champions
12576,"Loyal Customers"
14071,Champions
14477,Others
13328,Others
13168,"Loyal Customers"
13501,"At Risk"
14856,"Loyal Customers"
13012,Champions
14748,Champions
12516,Others
12364,Champions
16040,"Loyal Customers"
15146,"At Risk"
18177,Champions
14973,"At Risk"
16464,Champions
14102,Champions
14921,Champions
12526,Champions
16083,"At Risk"
15563,Champions
16370,"At Risk"
13396,"Loyal Customers"
15059,"Loyal Customers"
16295,Champions
16493,"At Risk"
15365,Champions
12676,"Loyal Customers"
17932,Champions
15680,Champions
17621,Others
16110,"Loyal Customers"
12620,Champions
15734,Others
15398,Champions
13743,"Loyal Customers"
16045,"At Risk"
16317,"At Risk"
17372,"Loyal Customers"
15596,"At Risk"
14154,"At Risk"
15411,Champions
12646,"Loyal Customers"
17368,Champions
12886,"Loyal Customers"
12775,Champions
12770,Others
16079,Others
14859,Champions
16245,Champions
15116,"Loyal Customers"
17204,"At Risk"
13813,"Loyal Customers"
17054,Champions
18167,"Loyal Customers"
13232,Champions
16389,"Loyal Customers"
15095,"At Risk"
14897,"Loyal Customers"
13308,"Loyal Customers"
14507,Champions
16669,Champions
14434,Others
15569,"At Risk"
14113,"Loyal Customers"
13159,Champions
16726,Champions
14116,Champions
12952,Champions
17676,Champions
13995,Champions
16463,Champions
13572,"At Risk"
15898,Champions
17311,"At Risk"
15134,Champions
15453,Champions
16539,"Loyal Customers"
13516,"Loyal Customers"
13414,Others
15051,Champions
17354,Others
17856,Others
18202,"At Risk"
14019,"Loyal Customers"
14741,Champions
14443,"Loyal Customers"
17083,"At Risk"
16173,Champions
12947,"At Risk"
15106,Champions
16394,"Loyal Customers"
15237,Champions
17004,"Loyal Customers"
14901,Champions
16012,"Loyal Customers"
14649,Champions
18116,"Loyal Customers"
15444,Champions
15128,"Loyal Customers"
17288,Champions
16503,"At Risk"
17063,Champions
14740,"At Risk"
16271,Champions
14403,Others
16996,"Loyal Customers"
14035,Champions
16103,"Loyal Customers"
15426,Champions
17175,"Loyal Customers"
13475,"At Risk"
14566,Others
13717,"Loyal Customers"
14404,"Loyal Customers"
15858,Champions
15478,"Loyal Customers"
13477,"Loyal Customers"
13461,Others
17073,Champions
16817,Champions
14591,Champions
14233,"Loyal Customers"
14875,"Loyal Customers"
14229,"Loyal Customers"
15987,Champions
13110,"Loyal Customers"
13309,Champions
16059,"Loyal Customers"
16359,Champions
14541,"Loyal Customers"
12882,"New Customers"
15473,Others
13692,"Loyal Customers"
12826,Champions
16348,"Loyal Customers"
14246,"At Risk"
15983,Champions
17590,Champions
15427,"Loyal Customers"
16016,Champions
18016,"Loyal Customers"
14758,"At Risk"
16755,"At Risk"
14414,"At Risk"
14878,Champions
16395,"Loyal Customers"
17553,Others
17002,"At Risk"
14963,Champions
15057,Others
15916,Champions
13320,"Loyal Customers"
16279,Champions
17571,"Loyal Customers"
16762,Champions
15530,Champions
17152,Others
12937,Champions
15625,"At Risk"
15265,"At Risk"
16910,Champions
17997,"At Risk"
16053,"Loyal Customers"
15392,Champions
16748,Champions
15532,Champions
12818,Others
13213,"Loyal Customers"
16880,Champions
16790,Champions
13764,"Loyal Customers"
15906,Champions
16066,Champions
16434,Champions
16244,"At Risk"
13107,"Loyal Customers"
15620,"Loyal Customers"
14567,"Loyal Customers"
14321,Champions
12759,"Loyal Customers"
16283,Champions
17159,Champions
12877,Champions
13849,"Loyal Customers"
13397,"At Risk"
13186,"Loyal Customers"
16365,"Loyal Customers"
15701,Champions
14442,Champions
14441,Champions
12352,"Loyal Customers"
14704,Champions
12865,Champions
15117,Champions
13659,"At Risk"
15660,Champions
16369,Champions
14038,"At Risk"
17085,"At Risk"
13313,Champions
16676,"Loyal Customers"
17837,"Loyal Customers"
18239,"At Risk"
13814,"Loyal Customers"
16496,Champions
15111,Champions
15611,"Loyal Customers"
18178,"At Risk"
13634,"Loyal Customers"
16889,"At Risk"
12393,"At Risk"
16332,Champions
13850,"At Risk"
14970,"Loyal Customers"
14719,Champions
14587,Champions
17828,Champions
16992,Champions
16466,"Loyal Customers"
14573,"At Risk"
12783,Champions
15791,"Loyal Customers"
12868,"At Risk"
12669,"At Risk"
14918,"At Risk"
13614,Champions
14312,"Loyal Customers"
15122,"At Risk"
18161,Champions
14336,Champions
14937,"Loyal Customers"
14178,Champions
17101,"Loyal Customers"
17673,Champions
12530,"Loyal Customers"
13627,"Loyal Customers"
15172,Champions
13425,"At Risk"
16987,Champions
14759,Champions
16515,"Loyal Customers"
12377,"At Risk"
16398,"At Risk"
14164,Others
15953,Champions
12398,"Loyal Customers"
14837,"At Risk"
15827,"At Risk"
17284,"Loyal Customers"
15002,"At Risk"
13162,"At Risk"
13750,Others
13184,Champions
17451,Champions
15826,"Loyal Customers"
16711,Others
15549,"At Risk"
13577,Champions
14045,Others
15332,"At Risk"
15024,Champions
15214,Champions
12912,Others
16115,Champions
13647,Champions
17193,"Loyal Customers"
17656,"At Risk"
13149,Champions
16638,Champions
14245,"At Risk"
17147,Champions
12843,"Loyal Customers"
13924,Champions
15380,"Loyal Customers"
15240,"Loyal Customers"
12635,"At Risk"
13763,Others
16671,Others
16813,Champions
12764,"At Risk"
16775,Champions
14834,Champions
13824,"Loyal Customers"
16007,"Loyal Customers"
17282,"At Risk"
15950,Champions
16791,Champions
16902,"At Risk"
17162,Champions
12407,"Loyal Customers"
15947,Others
13094,"Loyal Customers"
12405,"At Risk"
17813,Champions
15267,Others
17702,Champions
13157,"Loyal Customers"
15050,Champions
17043,"Loyal Customers"
14673,Champions
17457,Others
13456,Champions
15241,"Loyal Customers"
17754,Champions
17353,Others
17930,"Loyal Customers"
14595,Champions
13134,"At Risk"
15674,"At Risk"
15067,"At Risk"
12523,Champions
13808,Champions
12645,"Loyal Customers"
12349,Champions
15220,"Loyal Customers"
12823,Others
12424,"At Risk"
17873,"At Risk"
16751,Others
14621,Champions
15594,Champions
15864,Others
16681,"At Risk"
14387,"Loyal Customers"
16719,Champions
16841,"Loyal Customers"
13481,"Loyal Customers"
17092,"Loyal Customers"
14215,Champions
16380,"Loyal Customers"
15260,"At Risk"
17705,Champions
17629,Champions
14935,Others
14608,Others
13510,Champions
13875,"Loyal Customers"
17663,Champions
17648,"Loyal Customers"
18179,Champions
18235,"At Risk"
12348,"At Risk"
17750,Champions
13196,Champions
13562,"At Risk"
16249,"Loyal Customers"
15812,"At Risk"
14305,"At Risk"
12381,Champions
13048,Champions
16979,Champions
13650,Champions
13725,"Loyal Customers"
16474,Champions
14533,Champions
16201,Champions
16169,Champions
16153,"Loyal Customers"
18122,Champions
15203,Champions
16152,Others
18287,"Loyal Customers"
14459,"At Risk"
17519,Champions
14216,Champions
12383,"At Risk"
12963,Champions
16455,"Loyal Customers"
16102,"Loyal Customers"
17015,Champions
15814,Champions
12950,Others
17469,Champions
18180,Champions
13421,"Loyal Customers"
12423,Champions
17422,Champions
13890,Champions
13982,"Loyal Customers"
14887,Others
15351,Champions
17738,Champions
17787,"At Risk"
14524,"Loyal Customers"
15367,"Loyal Customers"
15157,Champions
15021,Champions
16986,Others
17293,Champions
16128,Champions
16170,"Loyal Customers"
17463,Champions
12853,"At Risk"
15641,"At Risk"
12371,"Loyal Customers"
14934,"At Risk"
17870,Champions
12584,Champions
16942,Champions
12762,Champions
14210,"At Risk"
16938,Champions
14250,Champions
15819,"Loyal Customers"
16150,"Loyal Customers"
17228,Champions
16426,Champions
14409,"At Risk"
14285,Others
15518,"Loyal Customers"
12457,"Loyal Customers"
12674,Champions
16983,Champions
13246,Champions
12528,Champions
14217,Champions
17490,Champions
17406,"At Risk"
14655,"Loyal Customers"
14978,"At Risk"
14472,"At Risk"
14418,Champions
17337,"At Risk"
14653,Champions
17554,Champions
14498,"Loyal Customers"
16341,Champions
17218,Champions
17790,Champions
14462,"Loyal Customers"
15493,"Loyal Customers"
13590,Champions
18204,"At Risk"
12585,"At Risk"
17940,Others
13495,"Loyal Customers"
13593,"At Risk"
17088,Champions
17679,"Loyal Customers"
17612,"Loyal Customers"
17827,Champions
13630,Champions
16698,Others
18188,Champions
13305,Champions
16754,Others
17082,"Loyal Customers"
14730,Champions
16098,"At Risk"
15372,Others
15531,Champions
14506,Champions
14188,Champions
18219,Champions
15341,Others
18069,Champions
16875,"Loyal Customers"
14544,Champions
16358,Champions
16409,"Loyal Customers"
14001,"Loyal Customers"
17846,Others
17090,Champions
14640,Champions
13450,Champions
14232,"Loyal Customers"
17597,"At Risk"
17625,Champions
17086,Champions
12948,Champions
17667,"Loyal Customers"
13126,Champions
12518,Champions
12610,Champions
18241,Champions
17861,Champions
16281,Others
12928,"Loyal Customers"
18231,"At Risk"
14209,Champions
14482,Champions
14696,Champions
18093,"At Risk"
14306,"Loyal Customers"
15834,"Loyal Customers"
16954,"Loyal Customers"
18044,Champions
14810,"Loyal Customers"
12501,"At Risk"
13297,Champions
13571,Champions
18283,Champions
17191,Champions
15815,"Loyal Customers"
12560,Champions
14515,Champions
14461,"At Risk"
18173,"At Risk"
13265,"Loyal Customers"
13517,"Loyal Customers"
14407,"At Risk"
14691,Champions
18008,"Loyal Customers"
13632,Champions
18061,"Loyal Customers"
15058,Champions
16407,Champions
14360,Champions
12909,"Loyal Customers"
17400,"At Risk"
16379,Champions
14828,Others
13317,"Loyal Customers"
16057,Champions
12633,"Loyal Customers"
17272,"Loyal Customers"
16966,"Loyal Customers"
13224,"Loyal Customers"
13755,Champions
12935,Champions
16456,"At Risk"
12856,Champions
14341,"Loyal Customers"
15811,Champions
16076,Champions
14560,Champions
14808,"Loyal Customers"
15722,"Loyal Customers"
16628,Champions
15394,Champions
15179,Champions
13862,Champions
13365,Champions
16743,Champions
14776,"Loyal Customers"
15123,Champions
17696,"Loyal Customers"
14226,Champions
13680,Champions
13831,Champions
12755,Others
13115,Champions
15797,Others
14211,"Loyal Customers"
12653,"At Risk"
17442,Champions
15373,Champions
17591,"At Risk"
12876,"Loyal Customers"
12704,Champions
14825,Champions
18242,"At Risk"
14700,"Loyal Customers"
16293,Champions
15281,"Loyal Customers"
15665,"At Risk"
16782,Champions
16771,"Loyal Customers"
15235,"At Risk"
14432,Champions
16209,"At Risk"
13527,"Loyal Customers"
13700,Champions
18257,"Loyal Customers"
16550,"At Risk"
16735,"At Risk"
14466,Champions
17768,Champions
12782,Champions
17188,Champions
12684,Champions
17313,Others
17744,Champions
12615,Champions
15704,"At Risk"
13704,Champions
17954,Champions
15270,"Loyal Customers"
15105,Champions
17211,Champions
15785,Champions
15288,"Loyal Customers"
14290,Champions
17838,Champions
13394,Champions
13994,Champions
15755,Champions
14309,Champions
14239,"Loyal Customers"
12483,Champions
17434,Champions
18259,"Loyal Customers"
13908,"At Risk"
15527,Champions
15140,"Loyal Customers"
14502,Champions
14440,"Loyal Customers"
14030,Champions
15370,"Loyal Customers"
17634,"Loyal Customers"
14493,Champions
13722,"At Risk"
14930,"At Risk"
18065,Champions
17722,"At Risk"
14554,Champions
17530,Champions
17071,Champions
13141,"At Risk"
15980,"At Risk"
17589,"Loyal Customers"
12397,"Loyal Customers"
16143,Champions
15089,Champions
13658,Champions
15606,"Loyal Customers"
14766,Champions
13949,Champions
13588,Champions
14163,"At Risk"
15750,Champions
14659,Champions
14842,"Loyal Customers"
14315,Champions
17682,Champions
15932,Champions
13784,"Loyal Customers"
17131,Champions
12517,Champions
17164,"Loyal Customers"
12455,"At Risk"
13507,Champions
16710,Champions
12913,"Loyal Customers"
15271,Champions
14701,Champions
14546,Champions
16477,"Loyal Customers"
13975,"Loyal Customers"
13695,Champions
17449,Champions
18245,Champions
17700,Champions
17314,Champions
17728,Champions
15245,"At Risk"
17317,Others
16912,Champions
13471,Champions
14243,Champions
18075,Champions
13883,Champions
14334,Champions
14676,"Loyal Customers"
13344,"Loyal Customers"
13136,"Loyal Customers"
15572,Champions
14397,Champions
16308,Others
15033,Champions
17655,Champions
15521,"Loyal Customers"
15485,Champions
13911,"Loyal Customers"
12600,Champions
12520,"At Risk"
13021,Champions
13895,Champions
13983,Champions
15782,"Loyal Customers"
18260,"At Risk"
16919,"At Risk"
13644,Champions
13422,"Loyal Customers"
14408,Champions
16241,Champions
12726,Champions
16255,Champions
17346,Champions
12836,"Loyal Customers"
12625,"At Risk"
12708,Champions
14262,Champions
18210,Champions
17965,"Loyal Customers"
15752,"Loyal Customers"
12721,"Loyal Customers"
16618,"Loyal Customers"
13771,"Loyal Customers"
18077,Champions
17402,Champions
15671,Champions
13804,Champions
15696,"Loyal Customers"
15321,"Loyal Customers"
13851,"At Risk"
17069,Champions
14439,"At Risk"
12360,"Loyal Customers"
14713,Champions
15796,Champions
14732,Champions
17386,Others
14107,"Loyal Customers"
18097,Champions
13971,Champions
13654,"Loyal Customers"
13285,Champions
12840,"At Risk"
18230,Champions
12380,Champions
16003,Champions
14121,Champions
14125,Champions
17213,"Loyal Customers"
14903,Champions
17504,"At Risk"
14854,"At Risk"
13870,Champions
12578,Champions
16316,"Loyal Customers"
15993,Champions
14626,Champions
16764,Champions
15114,Champions
16871,Champions
13230,Champions
13735,Champions
15356,"Loyal Customers"
17644,Champions
13769,Champions
14112,Champions
12388,Champions
16928,"At Risk"
17739,"Loyal Customers"
12758,"At Risk"
14572,Champions
16081,"Loyal Customers"
12356,Champions
15984,Champions
13174,Champions
17596,Champions
14852,"Loyal Customers"
14711,Champions
14535,"Loyal Customers"
12408,"Loyal Customers"
12473,Champions
14299,Champions
18145,Champions
12685,Champions
15628,Champions
13901,"At Risk"
14005,Champions
16633,Champions
14251,Champions
15673,"At Risk"
18144,"Loyal Customers"
17924,"Loyal Customers"
12438,Champions
14543,Champions
13451,Champions
12906,Champions
17512,Champions
14530,Champions
14032,Champions
14868,Champions
17444,"At Risk"
16393,Champions
12754,"At Risk"
14146,Champions
17084,"Loyal Customers"
14639,"Loyal Customers"
17659,Champions
15514,Champions
16497,"Loyal Customers"
15854,Champions
15687,Champions
12916,"At Risk"
12670,Champions
14307,"At Risk"
12395,Champions
15861,Champions
12598,Champions
16678,Champions
18094,"At Risk"
13631,Others
16156,Champions
17799,Champions
16709,"At Risk"
16607,Champions
16686,"Loyal Customers"
14456,Champions
16940,"Loyal Customers"
16218,Champions
18272,Champions
14565,"At Risk"
12910,Champions
13047,"Loyal Customers"
15998,"Loyal Customers"
16905,Champions
13362,Champions
16326,Champions
14257,"Loyal Customers"
15491,"At Risk"
14099,Champions
14235,Champions
17059,Champions
13135,Others
13742,Champions
13869,"At Risk"
17672,"Loyal Customers"
14175,"Loyal Customers"
13685,"Loyal Customers"
17231,Champions
15065,"Loyal Customers"
15632,Champions
14145,Others
12456,"Loyal Customers"
17863,"Loyal Customers"
16041,Others
13268,Champions
16837,Champions
14388,Champions
14844,"Loyal Customers"
13758,Champions
17685,Champions
13868,"Loyal Customers"
17220,Champions
16107,"Loyal Customers"
15443,Champions
12619,Champions
12613,Champions
13880,Champions
15622,Champions
17050,"At Risk"
15764,"At Risk"
13952,"At Risk"
14702,Champions
17723,Others
16717,Champions
12406,Champions
12480,Champions
17183,Champions
14841,"Loyal Customers"
13373,"Loyal Customers"
16556,"Loyal Customers"
14227,Champions
16818,Champions
12594,"Loyal Customers"
15676,Champions
15708,"Loyal Customers"
12643,Others
13015,"Loyal Customers"
13148,Champions
16011,Champions
13014,Champions
17725,Champions
15228,"Loyal Customers"
13198,Champions
13842,"Loyal Customers"
17669,"Loyal Customers"
13437,Champions
15981,Champions
13993,"Loyal Customers"
16360,Champions
14221,"Loyal Customers"
15974,"Loyal Customers"
15581,"At Risk"
15113,Champions
15129,"Loyal Customers"
13536,Champions
16019,Champions
15410,"At Risk"
17758,Champions
17576,Champions
13448,Champions
17230,"At Risk"
14395,Champions
14907,Champions
16458,Champions
13520,"Loyal Customers"
15505,"Loyal Customers"
16131,"Loyal Customers"
13953,Others
17160,Champions
13334,"At Risk"
13552,"Loyal Customers"
17528,Champions
17491,Champions
14040,"Loyal Customers"
15544,Champions
14503,Champions
12370,"Loyal Customers"
13426,Champions
15484,Champions
17203,"Loyal Customers"
12417,Champions
14132,Champions
13082,"At Risk"
16242,Champions
13137,Champions
15296,"Loyal Customers"
13327,"Loyal Customers"
16570,Champions
13381,Champions
15379,"At Risk"
16440,Champions
16712,Champions
15845,Champions
18079,"Loyal Customers"
12553,Champions
17819,"At Risk"
16253,Champions
12647,Champions
12597,Champions
16240,Champions
14364,"At Risk"
13266,Champions
13069,Champions
12502,"At Risk"
15808,"At Risk"
14282,Champions
16145,Champions
12668,Champions
17238,Champions
12429,Champions
16904,Champions
13523,"Loyal Customers"
17173,Champions
18087,Others
16168,Champions
15298,Champions
12562,Champions
15299,Others
13435,Champions
16655,Champions
15867,Champions
17091,Champions
12662,Champions
16327,Champions
15804,Champions
12539,Champions
15195,"New Customers"
18073,"At Risk"
13999,Champions
13124,"At Risk"
12749,Champions
12779,Champions
14291,Champions
12841,Champions
17651,Champions
14739,Champions
13802,"At Risk"
17593,Champions
14426,Champions
17377,Champions
12727,Champions
17611,Champions
14277,Champions
13183,Champions
17769,Champions
15529,Champions
15416,"Loyal Customers"
12957,Champions
12656,Champions
12867,Champions
14547,Champions
17001,Champions
16186,Champions
12378,"At Risk"
17567,Champions
13815,Champions
16670,Champions
14401,Champions
16401,Champions
14092,Champions
12569,Champions
12449,Champions
16592,Champions
14534,Champions
13988,Champions
12536,Champions
15570,Champions
13384,Champions
12949,Champions
13555,"At Risk"
16549,Champions
18041,Champions
12747,Champions
15971,"Loyal Customers"
17419,Champions
17920,Champions
12500,Champions
14525,Champions
12757,Champions
14800,"Loyal Customers"
12712,Champions
14422,Champions
15034,Champions
13505,"Loyal Customers"
17937,"Loyal Customers"
12347,Champions
18251,Others
14016,"At Risk"
15874,"Loyal Customers"
16945,Champions
12752,"At Risk"
16626,Champions
15955,Champions
16984,"At Risk"
17975,Champions
13267,Champions
15093,Champions
14085,Champions
17364,Champions
15032,"At Risk"
12627,Champions
12524,Champions
12484,"Loyal Customers"
17613,Champions
17068,Champions
14004,"Loyal Customers"
14390,Champions
14286,Champions
15291,Champions
16931,Champions
14189,Champions
17809,Champions
14180,Champions
14191,Champions
15187,Champions
14159,Champions
15152,Champions
14135,Champions
12714,Champions
14562,Champions
16722,Champions
12955,Champions
17652,Champions
17690,Champions
15555,Champions
13013,Champions
15738,Champions
17365,Champions
14292,Champions
15786,"Loyal Customers"
12664,"Loyal Customers"
12700,Champions
12688,"At Risk"
17133,Others
12437,Champions
14709,Champions
13941,"Loyal Customers"
16191,Champions
14329,Champions
15547,Champions
14755,Champions
12444,Champions
17426,Champions
15301,"Loyal Customers"
13599,Champions
16700,Champions
15719,"Loyal Customers"
17602,Champions
13139,Champions
12432,"Loyal Customers"
15046,Champions
18198,Champions
14688,Champions
17061,"At Risk"
15903,Champions
13756,Champions
16701,Champions
12362,Champions
17858,Champions
15727,Champions
18226,"Loyal Customers"
16258,"Loyal Customers"
17850,"At Risk"
17730,Champions
15150,Champions
16303,Champions
13269,Champions
16161,Champions
18225,Champions
17719,"Loyal Customers"
12490,Champions
16265,Champions
16609,Champions
15805,Champions
16985,Champions
17716,Champions
15502,Champions
16767,Champions
12839,Champions
17757,Champions
12481,Champions
17049,Champions
18118,Champions
13534,Champions
13004,Champions
14049,Champions
13468,Champions
16553,"At Risk"
14110,Champions
13050,Champions
12720,Champions
13178,Champions
17686,Champions
15218,Champions
14735,Champions
14415,Champions
13316,"Loyal Customers"
14505,Champions
13209,Champions
14944,Champions
13418,Champions
13097,"Loyal Customers"
15382,Champions
12637,"Loyal Customers"
14101,"At Risk"
13225,"Loyal Customers"
17509,"Loyal Customers"
15939,"At Risk"
14060,Champions
14057,Champions
15005,Champions
17315,Champions
12357,"Loyal Customers"
13668,Champions
12472,Champions
12359,Champions
13709,Champions
16126,Champions
18223,Champions
13102,Champions
12626,Champions
13871,Champions
12431,"Loyal Customers"
15694,Champions
16814,Champions
15144,Champions
12476,Champions
15482,Champions
17338,Champions
16182,Others
16652,"Loyal Customers"
15249,Champions
16923,Champions
16353,Champions
16746,Champions
13576,Champions
15601,Champions
12830,"Loyal Customers"
16532,Others
18055,Champions
15023,Champions
12705,Champions
17416,Champions
16713,Champions
16187,"Loyal Customers"
12989,Champions
13027,Others
15465,Champions
12798,"New Customers"
12766,Champions
14961,Champions
13985,Champions
16873,Champions
13324,"Loyal Customers"
16729,"Loyal Customers"
12980,Others
12474,Champions
16745,"At Risk"
12583,Champions
13018,Champions
18229,Champions
17396,Others
13263,Champions
18172,Champions
15194,Champions
15044,Champions
17811,Champions
14527,Champions
13093,"At Risk"
13629,Champions
15290,Champions
12435,"At Risk"
14796,Champions
12428,Champions
14849,Champions
14952,"Loyal Customers"
18109,Champions
13854,Champions
16672,Champions
14936,Champions
14056,Champions
12683,Champions
15358,Champions
16558,Champions
18139,Champions
16656,Champions
17017,Champions
17306,Champions
17243,Champions
13090,Champions
16033,Champions
13488,Champions
12451,Champions
13969,Champions
18092,Champions
12567,Champions
12744,"Loyal Customers"
14367,Champions
14667,Champions
12709,Champions
16523,Champions
14733,Champions
13458,Champions
15078,Champions
13001,Champions
13199,Champions
12590,"At Risk"
17706,Champions
17865,Champions
16843,"Loyal Customers"
16180,"At Risk"
15251,Champions
15615,Champions
17107,"Loyal Customers"
16779,Champions
14062,Champions
13113,Champions
17139,Champions
14769,Champions
13319,Champions
17581,Champions
13340,"Loyal Customers"
12971,Champions
14895,Champions
12409,"At Risk"
15125,Champions
14194,Champions
14607,Champions
12939,"Loyal Customers"
14606,Champions
17340,Champions
16525,Champions
12557,"Loyal Customers"
12682,Champions
16000,"New Customers"
15498,Champions
13078,Champions
15640,Champions
14258,Champions
17735,Champions
12477,Champions
12540,Champions
12433,Champions
12621,Champions
12681,Champions
16705,Champions
14866,Champions
16133,Champions
15513,"Loyal Customers"
14031,Champions
16839,Champions
14051,Champions
15189,Champions
15856,Champions
17677,Champions
12901,Champions
12921,Champions
13767,Champions
13881,Champions
17428,Champions
12678,"Loyal Customers"
15159,Champions
12471,Champions
12731,Champions
15039,Champions
17675,Champions
17381,Champions
12753,Champions
16210,Champions
15749,Others
13777,Champions
16333,"Loyal Customers"
17857,"Loyal Customers"
14680,Champions
13408,Champions
13081,Champions
13098,Champions
12748,Champions
17404,Champions
17389,Champions
15838,Champions
16013,Champions
12931,Champions
16422,Champions
13798,Champions
17841,Champions
14088,Champions
14298,Champions
16029,"Loyal Customers"
15769,Champions
17949,Champions
15061,Champions
14096,Champions
13089,Champions
15311,Champions
13694,Champions
16684,Champions
17511,Champions
14156,Champions
12415,Champions
14911,Champions
17450,Champions
18102,Champions
14646,Champions
0,Champions
